Sequence	Base Sequence	Protein Groups	Gene Names	Organism	Intensity_OVEMB150205_12	Intensity_OVEMB150205_14	Detection Type_OVEMB150205_12	Detection Type_OVEMB150205_14	
NH2-AALEELVK-COOH	AALEELVK	P12081			420163.48828125	479629.55078125	MSMS	MSMS	
NH2-ADLIAYLKK-COOH	ADLIAYLKK	P99999			119790.520996094	152727.626953125	MSMS	MBR	
NH2-AEFAEVSK-COOH	AEFAEVSK	P02768,P02768-2			90275.6879804517	92138.1661135197	MSMS	MBR	
NH2-AFYVNVLNEEQR-COOH	AFYVNVLNEEQR	P04040			112756.141003133	105788.168579028	MSMS	MSMS	
NH2-AGKEPGLQIWR-COOH	AGKEPGLQIWR	P06396,P06396-2			128863.016927083	140739.2890625	MSMS	MSMS	
NH2-ALIVLAHSER-COOH	ALIVLAHSER	P15559			181213.68359375	214091.12109375	MSMS	MSMS	
NH2-ALLLLC<cmm>GEDD-COOH	ALLLLCGEDD	P08758			176041.171875	178034.681640625	MBR	MSMS	
NH2-ANALLANGVELR-COOH	ANALLANGVELR	P01375			106297.823172649	116134.177734375	MSMS	MSMS	
NH2-ANRPFLVFIR-COOH	ANRPFLVFIR	P01008			379141.71484375	391964.84375	MSMS	MSMS	
NH2-ASAELIEEEVAK-COOH	ASAELIEEEVAK	P12081			602805.8125	576122.1875	MSMS	MSMS	
NH2-C<cmm>GLVPVLAENYK-COOH	CGLVPVLAENYK	P02788			242675.102539063	274542.78125	MSMS	MSMS	
NH2-DGAGDVAFIR-COOH	DGAGDVAFIR	P02788			173919.783317877	165522.942382813	MSMS	MSMS	
NH2-DLLHVLAFSK-COOH	DLLHVLAFSK	P41159			113036.046875	113838.454101563	MSMS	MSMS	
NH2-DLTDYLM<ox>K-COOH	DLTDYLMK	P60010,P60709,P62736,P63261,P63267,P68032,P68133,Q562R1			370979.7109375	405834.998406444	MSMS	MBR	
NH2-DQGGELLSLR-COOH	DQGGELLSLR	P12081,P49590			234443.986328125	270165.8203125	MSMS	MSMS	
NH2-EKVFDVIIR-COOH	EKVFDVIIR	P12081			207296.27734375	238536.9453125	MBR	MSMS	
NH2-ELFDPIISDR-COOH	ELFDPIISDR	P06732			59062.00390625	63837.5908203125	MSMS	MBR	
NH2-EVPLNTIIFM<ox>GR-COOH	EVPLNTIIFMGR	P01008			214522.377929688	216183.951171875	MSMS	MSMS	
NH2-FGLSVGHHLGK-COOH	FGLSVGHHLGK	P15559			259971.1953125	251050.75	MSMS	MSMS	
NH2-FKDLGEENFK-COOH	FKDLGEENFK	P02768,P02768-2			226414.361328125	241697.828125	MSMS	MSMS	
NH2-FLEQQNQVLQTK-COOH	FLEQQNQVLQTK	P04264,P35908,Q7Z794			154222.810546875	131947.529750147	MSMS	MSMS	
NH2-FQNALLVR-COOH	FQNALLVR	P02768,P02768-2			145811.9921875	175265.37890625	MSMS	MSMS	
NH2-GIDYWLAHK-COOH	GIDYWLAHK	P00709			327820.16796875	384658.4921875	MSMS	MSMS	
NH2-GLFIIDDKGILR-COOH	GLFIIDDKGILR	Q06830,Q13162			122482.125	117596.1015625	MBR	MSMS	
NH2-GTPWEGGLFK-COOH	GTPWEGGLFK	P63279			400138.10546875	409462.68359375	MSMS	MBR	
NH2-GTVTDFPGFDER-COOH	GTVTDFPGFDER	P08758			261270.1171875	247814.04296875	MSMS	MSMS	
NH2-GYSFTTTAER-COOH	GYSFTTTAER	P60709,P63261			132968.016601563	148379.708984375	MSMS	MSMS	
NH2-HLAQVGDSM<ox>DR-COOH	HLAQVGDSMDR	P55957,P55957-2			55684.037109375	0	MSMS	NotDetected	
NH2-KITIADC<cmm>GQLE-COOH	KITIADCGQLE	P62937			269350.36328125	306248.796875	MSMS	MSMS	
NH2-KLDLSNVQSK-COOH	KLDLSNVQSK	P10636,P10636-6,P10636-7,P10636-8,P10636-9			133971.044921875	120695.622070313	MSMS	MSMS	
NH2-KQTALVELVK-COOH	KQTALVELVK	P02768,P02768-2			123475.111328125	114526.821289063	MSMS	MBR	
NH2-LADFALLC<cmm>LDGK-COOH	LADFALLCLDGK	P02788			201017.20486997	194904.229345175	MSMS	MSMS	
NH2-LDELRDEGK-COOH	LDELRDEGK	P02768			97414.5439453125	107713.545898438	MSMS	MSMS	
NH2-LIVALM<ox>KPSR-COOH	LIVALMKPSR	P08758			123173.834960938	143285.48828125	MBR	MSMS	
NH2-LKEC<cmm>C<cmm>EKPLLEK-COOH	LKECCEKPLLEK	P02768,P02768-2			152538.278126846	165108.394365945	MSMS	MSMS	
NH2-LLVVYPWTQR-COOH	LLVVYPWTQR	P02042,P02100,P68871,P69891,P69892			248277.173828125	281541.107421875	MSMS	MSMS	
NH2-LQTAPVPM<ox>PDLK-COOH	LQTAPVPMPDLK	P10636,P10636-2,P10636-3,P10636-4,P10636-5,P10636-6,P10636-7,P10636-8,P10636-9			372182.318359375	392021.79296875	MSMS	MSMS	
NH2-LVNEVTEFAK-COOH	LVNEVTEFAK	P02768			540739.1171875	604502.351039326	MSMS	MSMS	
NH2-LVVVGAGGVGK-COOH	LVVVGAGGVGK	P01111,P01112,P01112-2,P01116,P01116-2			347842.177689215	384507.062714677	MSMS	MSMS	
NH2-LYDAYELK-COOH	LYDAYELK	P08758			297067.15234375	328343.26953125	MSMS	MSMS	
NH2-QITVNDLPVGR-COOH	QITVNDLPVGR	P32119,Q06830			366197.88671875	390952.00390625	MSMS	MSMS	
NH2-RHPDYSVVLLLR-COOH	RHPDYSVVLLLR	P02768,P02768-2			157470.729382551	129224.978190104	MSMS	MBR	
NH2-SADFTNFDPR-COOH	SADFTNFDPR	P00918			418441.79296875	430416.24609375	MSMS	MSMS	
NH2-SASDLTWDNLK-COOH	SASDLTWDNLK	P02787			321607.2890625	322390.9296875	MSMS	MSMS	
NH2-SAVTALWGK-COOH	SAVTALWGK	P68871			220720.65234375	221770.9921875	MSMS	MSMS	
NH2-SLASDITDEQKK-COOH	SLASDITDEQKK	P16083			178552.240234375	168275.56640625	MSMS	MSMS	
NH2-SLGVGFATR-COOH	SLGVGFATR	P05413			282964.455078125	321262.576171875	MSMS	MSMS	
NH2-SPVVSGDTSPR-COOH	SPVVSGDTSPR	P10636,P10636-2,P10636-3,P10636-4,P10636-5,P10636-6,P10636-7,P10636-8,P10636-9			95638.8681640625	87670.30859375	MSMS	MBR	
NH2-STDYGIFQINSR-COOH	STDYGIFQINSR	P61626			350385.1875	417894.31640625	MSMS	MSMS	
NH2-STWLILHHK-COOH	STWLILHHK	P00167,P00167-2			209546.483592875	244825.459848605	MSMS	MSMS	
NH2-SYGIPYIETSAK-COOH	SYGIPYIETSAK	P01112,P01112-2			416877.42578125	456286.6484375	MSMS	MBR	
NH2-TGPNLHGLFGR-COOH	TGPNLHGLFGR	P99999			356710.59765625	380285.62109375	MSMS	MSMS	
NH2-VATVSLPR-COOH	VATVSLPR	P00761			691122.90625	743327.0390625	MSMS	MSMS	
NH2-VIGQDSSEIHFK-COOH	VIGQDSSEIHFK	P63165			195467.6875	208420.724609375	MSMS	MSMS	
NH2-VLDALQAIK-COOH	VLDALQAIK	P00915			307707.828125	312284.388671875	MSMS	MSMS	
NH2-VLIVYAHQEPK-COOH	VLIVYAHQEPK	P16083			303684.21484375	295672.50390625	MSMS	MSMS	
NH2-VLTEIIASR-COOH	VLTEIIASR	P08758			684345.16796875	740617.0703125	MSMS	MSMS	
NH2-VNLLSAIK-COOH	VNLLSAIK	P01375			868771.014853666	237037.322901116	MSMS	MSMS	
NH2-VSFELFADKVPK-COOH	VSFELFADKVPK	P62937			200151.598632813	198950.875829988	MSMS	MSMS	
NH2-WDGQETTLVR-COOH	WDGQETTLVR	P05413			144265.193359375	158399.40625	MSMS	MSMS	
NH2-WSALYDVR-COOH	WSALYDVR	O00762			123330.290039063	130417.28177736	MSMS	MSMS	
NH2-YDLTVPFAR-COOH	YDLTVPFAR	P07263,P07263-2,P12081,P49590			430457.59765625	421999.19140625	MBR	MSMS	
NH2-YIC<cmm>ENQDSISSK-COOH	YICENQDSISSK	P02768,P02768-2			223977.330078125	228444.514648438	MSMS	MSMS	
NH2-YYGYTGAFR-COOH	YYGYTGAFR	P02787,P02788			278208.962890625	311597.7421875	MSMS	MSMS	
